{
	"pattrstorage" : 	{
		"name" : "u934007620",
		"slots" : 		{
			"1" : 			{
				"id" : 1,
				"data" : 				{
					"1A" : [ 117.0 ],
					"1ALock" : [ 0 ],
					"1Af" : [ 0.921259842519685 ],
					"1Amax" : [ 1.0 ],
					"1Amin" : [ 0.0 ],
					"1B" : [ 54 ],
					"1BLock" : [ 0 ],
					"1Bf" : [ 0.425196850393701 ],
					"1Bmax" : [ 1.0 ],
					"1Bmin" : [ 0.0 ],
					"1C" : [ 127 ],
					"1CLock" : [ 0 ],
					"1Cf" : [ 1.0 ],
					"1Cmax" : [ 1.0 ],
					"1Cmin" : [ 0.0 ],
					"1M" : [ 0 ],
					"1R" : [ 0 ],
					"1S" : [ 70 ],
					"1SLock" : [ 0 ],
					"1Sf" : [ 55.118110236220474 ],
					"1Smax" : [ 100.0 ],
					"1Smin" : [ 0.0 ],
					"2A" : [ 82.0 ],
					"2ALock" : [ 0 ],
					"2Af" : [ 1.0 ],
					"2Amax" : [ 1.0 ],
					"2Amin" : [ 0.0 ],
					"2B" : [ 61.0 ],
					"2BLock" : [ 0 ],
					"2Bf" : [ 1.0 ],
					"2Bmax" : [ 1.0 ],
					"2Bmin" : [ 0.0 ],
					"2C" : [ 127.0 ],
					"2CLock" : [ 0 ],
					"2Cf" : [ 1.0 ],
					"2Cmax" : [ 1.0 ],
					"2Cmin" : [ 0.0 ],
					"2M" : [ 0 ],
					"2R" : [ 0 ],
					"2S" : [ 40.0 ],
					"2SLock" : [ 0 ],
					"2Sf" : [ 31.496062992125985 ],
					"2Smax" : [ 100.0 ],
					"2Smin" : [ 0.0 ],
					"3A" : [ 74.0 ],
					"3ALock" : [ 0 ],
					"3Af" : [ 0.582677165354331 ],
					"3Amax" : [ 1.0 ],
					"3Amin" : [ 0.0 ],
					"3B" : [ 75.0 ],
					"3BLock" : [ 0 ],
					"3Bf" : [ 0.590551181102362 ],
					"3Bmax" : [ 1.0 ],
					"3Bmin" : [ 0.0 ],
					"3C" : [ 106.0 ],
					"3CLock" : [ 0 ],
					"3Cf" : [ 0.834645669291339 ],
					"3Cmax" : [ 1.0 ],
					"3Cmin" : [ 0.0 ],
					"3M" : [ 0 ],
					"3R" : [ 0 ],
					"3S" : [ 127.0 ],
					"3SLock" : [ 0 ],
					"3Sf" : [ 1.0 ],
					"3Smax" : [ 1.0 ],
					"3Smin" : [ 0.0 ],
					"4A" : [ 50.0 ],
					"4ALock" : [ 0 ],
					"4Af" : [ 0.393700787401575 ],
					"4Amax" : [ 1.0 ],
					"4Amin" : [ 0.0 ],
					"4B" : [ 127.0 ],
					"4BLock" : [ 0 ],
					"4Bf" : [ 1.0 ],
					"4Bmax" : [ 1.0 ],
					"4Bmin" : [ 0.0 ],
					"4C" : [ 0.0 ],
					"4CLock" : [ 0 ],
					"4Cf" : [ 0.0 ],
					"4Cmax" : [ 1.0 ],
					"4Cmin" : [ 0.0 ],
					"4M" : [ 0 ],
					"4R" : [ 0 ],
					"4S" : [ 11.0 ],
					"4SLock" : [ 0 ],
					"4Sf" : [ 0.086614173228346 ],
					"4Smax" : [ 1.0 ],
					"4Smin" : [ 0.0 ],
					"5A" : [ 86.0 ],
					"5ALock" : [ 0 ],
					"5Af" : [ 0.708661417322835 ],
					"5Amax" : [ 2.0 ],
					"5Amin" : [ -2.0 ],
					"5B" : [ 127.0 ],
					"5BLock" : [ 0 ],
					"5Bf" : [ 1.0 ],
					"5Bmax" : [ 1.0 ],
					"5Bmin" : [ 0.0 ],
					"5C" : [ 0.0 ],
					"5CLock" : [ 0 ],
					"5Cf" : [ 0.0 ],
					"5Cmax" : [ 1.0 ],
					"5Cmin" : [ 0.0 ],
					"5M" : [ 0 ],
					"5R" : [ 0 ],
					"5S" : [ 64.0 ],
					"5SLock" : [ 1 ],
					"5Sf" : [ 0.0 ],
					"5Smax" : [ 0.25 ],
					"5Smin" : [ -0.25 ],
					"6A" : [ 93.0 ],
					"6ALock" : [ 0 ],
					"6Af" : [ 0.732283464566929 ],
					"6Amax" : [ 1.0 ],
					"6Amin" : [ 0.0 ],
					"6B" : [ 39.0 ],
					"6BLock" : [ 0 ],
					"6Bf" : [ 0.307086614173228 ],
					"6Bmax" : [ 1.0 ],
					"6Bmin" : [ 0.0 ],
					"6C" : [ 62.0 ],
					"6CLock" : [ 0 ],
					"6Cf" : [ 0.488188976377953 ],
					"6Cmax" : [ 1.0 ],
					"6Cmin" : [ 0.0 ],
					"6M" : [ 0 ],
					"6R" : [ 0 ],
					"6S" : [ 12.0 ],
					"6SLock" : [ 0 ],
					"6Sf" : [ 0.094488188976378 ],
					"6Smax" : [ 1.0 ],
					"6Smin" : [ 0.0 ],
					"7A" : [ 0.0 ],
					"7ALock" : [ 0 ],
					"7Af" : [ 0.0 ],
					"7Amax" : [ 1.0 ],
					"7Amin" : [ 0.0 ],
					"7B" : [ 0.0 ],
					"7BLock" : [ 0 ],
					"7Bf" : [ 0.0 ],
					"7Bmax" : [ 1.0 ],
					"7Bmin" : [ 0.0 ],
					"7C" : [ 0.0 ],
					"7CLock" : [ 0 ],
					"7Cf" : [ 0.0 ],
					"7Cmax" : [ 1.0 ],
					"7Cmin" : [ 0.0 ],
					"7M" : [ 0 ],
					"7R" : [ 0 ],
					"7S" : [ 59.0 ],
					"7SLock" : [ 0 ],
					"7Sf" : [ 0.464566929133858 ],
					"7Smax" : [ 1.0 ],
					"7Smin" : [ 0.0 ],
					"8A" : [ 0.0 ],
					"8ALock" : [ 0 ],
					"8Af" : [ 0.0 ],
					"8Amax" : [ 1.0 ],
					"8Amin" : [ 0.0 ],
					"8B" : [ 54.0 ],
					"8BLock" : [ 0 ],
					"8Bf" : [ 0.425196850393701 ],
					"8Bmax" : [ 1.0 ],
					"8Bmin" : [ 0.0 ],
					"8C" : [ 0.0 ],
					"8CLock" : [ 0 ],
					"8Cf" : [ 0.0 ],
					"8Cmax" : [ 1.0 ],
					"8Cmin" : [ 0.0 ],
					"8M" : [ 0 ],
					"8R" : [ 0 ],
					"8S" : [ 58.0 ],
					"8SLock" : [ 0 ],
					"8Sf" : [ 0.456692913385827 ],
					"8Smax" : [ 1.0 ],
					"8Smin" : [ 0.0 ],
					"BANKLEFT" : [ 0 ],
					"BANKRIGHT" : [ 0 ],
					"MASTER" : [ 44 ],
					"MASTERLock" : [ 1 ],
					"MASTERf" : [ 0.0 ],
					"MASTERmax" : [ 0.0 ],
					"MASTERmin" : [ 0.0 ],
					"SOLO" : [ 0 ],
					"abr_dim" : [ 1 ],
					"abr_rgb" : [ 1 ],
					"pixl8r::horiz" : [ 1.0 ],
					"pixl8r::vert" : [ 1.0 ],
					"pixl8r[1]::horiz" : [ 1.0 ],
					"pixl8r[1]::vert" : [ 1.0 ]
				}

			}
,
			"2" : 			{
				"id" : 2,
				"data" : 				{
					"1A" : [ 117.0 ],
					"1ALock" : [ 0 ],
					"1Af" : [ 0.921259842519685 ],
					"1Amax" : [ 1.0 ],
					"1Amin" : [ 0.0 ],
					"1B" : [ 54 ],
					"1BLock" : [ 0 ],
					"1Bf" : [ 0.425196850393701 ],
					"1Bmax" : [ 1.0 ],
					"1Bmin" : [ 0.0 ],
					"1C" : [ 127 ],
					"1CLock" : [ 0 ],
					"1Cf" : [ 1.0 ],
					"1Cmax" : [ 1.0 ],
					"1Cmin" : [ 0.0 ],
					"1M" : [ 0 ],
					"1R" : [ 0 ],
					"1S" : [ 70 ],
					"1SLock" : [ 0 ],
					"1Sf" : [ 55.118110236220474 ],
					"1Smax" : [ 100.0 ],
					"1Smin" : [ 0.0 ],
					"2A" : [ 82.0 ],
					"2ALock" : [ 0 ],
					"2Af" : [ 1.0 ],
					"2Amax" : [ 1.0 ],
					"2Amin" : [ 0.0 ],
					"2B" : [ 61.0 ],
					"2BLock" : [ 0 ],
					"2Bf" : [ 1.0 ],
					"2Bmax" : [ 1.0 ],
					"2Bmin" : [ 0.0 ],
					"2C" : [ 127.0 ],
					"2CLock" : [ 0 ],
					"2Cf" : [ 1.0 ],
					"2Cmax" : [ 1.0 ],
					"2Cmin" : [ 0.0 ],
					"2M" : [ 0 ],
					"2R" : [ 0 ],
					"2S" : [ 40.0 ],
					"2SLock" : [ 0 ],
					"2Sf" : [ 31.496062992125985 ],
					"2Smax" : [ 100.0 ],
					"2Smin" : [ 0.0 ],
					"3A" : [ 74.0 ],
					"3ALock" : [ 0 ],
					"3Af" : [ 0.582677165354331 ],
					"3Amax" : [ 1.0 ],
					"3Amin" : [ 0.0 ],
					"3B" : [ 75.0 ],
					"3BLock" : [ 0 ],
					"3Bf" : [ 0.590551181102362 ],
					"3Bmax" : [ 1.0 ],
					"3Bmin" : [ 0.0 ],
					"3C" : [ 106.0 ],
					"3CLock" : [ 0 ],
					"3Cf" : [ 0.834645669291339 ],
					"3Cmax" : [ 1.0 ],
					"3Cmin" : [ 0.0 ],
					"3M" : [ 0 ],
					"3R" : [ 0 ],
					"3S" : [ 127.0 ],
					"3SLock" : [ 0 ],
					"3Sf" : [ 1.0 ],
					"3Smax" : [ 1.0 ],
					"3Smin" : [ 0.0 ],
					"4A" : [ 50.0 ],
					"4ALock" : [ 0 ],
					"4Af" : [ 0.393700787401575 ],
					"4Amax" : [ 1.0 ],
					"4Amin" : [ 0.0 ],
					"4B" : [ 127.0 ],
					"4BLock" : [ 0 ],
					"4Bf" : [ 1.0 ],
					"4Bmax" : [ 1.0 ],
					"4Bmin" : [ 0.0 ],
					"4C" : [ 0.0 ],
					"4CLock" : [ 0 ],
					"4Cf" : [ 0.0 ],
					"4Cmax" : [ 1.0 ],
					"4Cmin" : [ 0.0 ],
					"4M" : [ 0 ],
					"4R" : [ 0 ],
					"4S" : [ 11.0 ],
					"4SLock" : [ 0 ],
					"4Sf" : [ 0.086614173228346 ],
					"4Smax" : [ 1.0 ],
					"4Smin" : [ 0.0 ],
					"5A" : [ 86.0 ],
					"5ALock" : [ 0 ],
					"5Af" : [ 0.708661417322835 ],
					"5Amax" : [ 2.0 ],
					"5Amin" : [ -2.0 ],
					"5B" : [ 127.0 ],
					"5BLock" : [ 0 ],
					"5Bf" : [ 1.0 ],
					"5Bmax" : [ 1.0 ],
					"5Bmin" : [ 0.0 ],
					"5C" : [ 0.0 ],
					"5CLock" : [ 0 ],
					"5Cf" : [ 0.0 ],
					"5Cmax" : [ 1.0 ],
					"5Cmin" : [ 0.0 ],
					"5M" : [ 0 ],
					"5R" : [ 0 ],
					"5S" : [ 0.0 ],
					"5SLock" : [ 0 ],
					"5Sf" : [ 0.0 ],
					"5Smax" : [ 1.0 ],
					"5Smin" : [ 0.0 ],
					"6A" : [ 93.0 ],
					"6ALock" : [ 0 ],
					"6Af" : [ 0.732283464566929 ],
					"6Amax" : [ 1.0 ],
					"6Amin" : [ 0.0 ],
					"6B" : [ 39.0 ],
					"6BLock" : [ 0 ],
					"6Bf" : [ 0.307086614173228 ],
					"6Bmax" : [ 1.0 ],
					"6Bmin" : [ 0.0 ],
					"6C" : [ 62.0 ],
					"6CLock" : [ 0 ],
					"6Cf" : [ 0.488188976377953 ],
					"6Cmax" : [ 1.0 ],
					"6Cmin" : [ 0.0 ],
					"6M" : [ 0 ],
					"6R" : [ 0 ],
					"6S" : [ 12.0 ],
					"6SLock" : [ 0 ],
					"6Sf" : [ 0.094488188976378 ],
					"6Smax" : [ 1.0 ],
					"6Smin" : [ 0.0 ],
					"7A" : [ 0.0 ],